Developer,Total_Sales,Avg_Critic_Score,Avg_User_Score,Title_Count
Nintendo,531.71,79.53,7.99,71
Ea Sports,175.38,79.34,6.75,68
Ea Canada,142.32,75.9,7.26,69
Ubisoft,132.25,68.08,7.13,137
Rockstar North,119.47,92.86,8.29,5
Capcom,115.71,74.29,7.75,103
Ubisoft Montreal,108.31,74.35,7.18,48
Treyarch,103.16,75.5,6.94,15
Ea Tiburon,96.12,75.62,6.91,42
Traveller'S Tales,79.22,72.03,7.44,21
Infinity Ward,77.62,82.29,5.64,6
Visual Concepts,72.87,78.69,7.04,33
Konami,72.56,69.93,7.29,104
Electronic Arts,66.26,72.72,7.09,62
Polyphony Digital,65.2,88.29,8.13,7
Namco,63.11,75.94,8.08,54
Neversoft Entertainment,61.27,80.57,7.52,19
Vicarious Visions,56.98,72.96,7.12,54
Squaresoft,54.65,83.8,8.09,15
Square Enix,52.15,74.38,7.53,36
Ea Dice,51.01,81.79,6.92,9
Yuke'S,47.5,72.29,6.99,23
Naughty Dog,45.39,89.2,8.52,10
Harmonix Music Systems,42.55,78.21,7.62,28
Bethesda Game Studios,41.6,90.56,7.27,3
Blizzard Entertainment,40.75,88.33,7.13,16
Maxis,39.97,73.96,7.12,35
Tt Games,39.96,70.88,6.93,12
Sonic Team,36.1,66.28,7.62,27
Level 5,34.6,79.94,8.39,16
Midway,32.24,68.63,7.49,35
Bioware,30.62,84.39,7.24,13
Rockstar San Diego,30.35,79.6,7.75,12
"Infinity Ward, Sledgehammer Games",29.77,84.67,3.03,1
"Bungie Software, Bungie",29.01,81.33,6.02,4
Omega Force,27.38,65.01,7.68,47
Tose,26.98,70.32,7.37,39
Intelligent Systems,25.94,84.21,8.36,19
Rocksteady Studios,24.59,86.09,8.19,5
Thq,23.85,65.55,7.05,44
Hal Labs,23.83,78.77,8.48,13
Kcet,23.74,79.07,8.07,25
Eurocom Entertainment Software,23.68,65.13,7.52,19
Rockstar Leeds,23.6,83.0,7.89,6
Volition Inc.,22.86,78.24,7.46,12
Epic Games,22.74,85.08,7.52,9
Codemasters,22.09,77.66,6.98,24
Good Science Studio,21.81,61.0,6.3,1
Rainbow Studios,21.14,69.92,7.64,16
Gearbox Software,20.91,74.48,7.35,16
Ea La,20.27,73.69,7.43,10
Criterion Games,20.27,84.12,7.68,13
Ea Redwood Shores,20.24,76.64,7.63,12
343 Industries,19.82,84.5,7.17,4
Ea Black Box,19.17,79.91,7.37,7
Valve Software,19.14,91.38,8.73,8
The Sims Studio,18.93,74.62,5.99,10
Kcej,18.93,77.75,8.49,11
Toys For Bob,18.73,73.17,6.6,9
Dimps Corporation,18.63,66.73,7.43,21
Rare Ltd.,18.46,76.62,7.78,16
From Software,18.31,69.91,7.67,34
Turn 10,18.11,87.8,7.66,5
Tt Fusion,18.04,70.5,7.22,9
Artificial Mind And Movement,17.87,58.89,6.87,36
Pandemic Studios,17.61,71.62,7.96,9
Activision,17.01,67.95,7.02,46
Hudson,16.96,66.47,7.19,15
Game Arts,16.7,76.0,8.05,13
Dma Design,16.52,83.5,8.25,2
Bungie,16.06,76.0,6.31,4
Griptonite Games,15.98,66.08,7.28,33
Sce Santa Monica,15.89,87.2,8.46,5
Sega,15.76,69.92,7.32,29
Bungie Software,15.61,93.67,8.07,3
Lucasarts,15.47,68.05,7.15,13
Heavy Iron Studios,15.21,61.42,6.98,10
Core Design Ltd.,15.17,69.1,7.37,9
Ubisoft Paris,14.97,69.21,7.32,11
Reflections Interactive,14.92,66.25,6.15,5
Ea Games,14.66,67.23,7.39,12
Insomniac Games,14.55,78.8,7.54,8
Retro Studios,14.51,90.0,8.97,6
Digital Eclipse,14.5,69.14,7.38,25
Nd Cube,14.32,70.8,7.4,5
Game Freak,14.18,80.0,8.6,3
Radical Entertainment,14.14,67.55,6.84,17
Zipper Interactive,13.88,78.0,8.26,8
Scee London Studio,13.84,69.13,7.26,20
High Voltage Software,13.8,64.11,7.07,36
Obsidian Entertainment,13.56,78.44,7.54,8
Ubisoft Montpellier,13.51,77.5,7.65,7
Sledgehammer Games,13.34,80.67,5.2,1
"Pipeworks Software, Inc.",13.05,59.41,7.02,10
Kojima Productions,13.0,78.27,7.33,10
Mass Media,12.77,61.83,7.51,11
High Moon Studios,12.75,68.43,6.84,6
Avalanche Software,12.71,66.41,7.32,12
"Retro Studios, Entertainment Analysis & Development Division",12.66,85.0,8.2,1
Io Interactive,12.63,79.25,8.04,7
Cyberconnect2,12.61,72.09,7.95,17
Techland,12.56,67.65,6.8,8
Hudson Soft,12.43,57.8,6.97,13
Namco Bandai Games,12.2,67.61,7.17,17
"Luxoflux, Inc.",12.09,72.62,7.54,4
Visceral Games,12.06,74.33,6.37,5
Krome Studios,11.92,61.3,7.49,15
Blitz Games,11.7,65.24,6.67,19
"Ea Sports, Ea Vancouver",11.47,79.0,3.94,1
Ubisoft Shanghai,11.47,68.54,6.82,16
Sucker Punch,11.42,82.57,8.36,7
Scea San Diego Studios,11.42,77.27,7.34,13
Sumo Digital,11.16,71.85,7.38,9
Black Box,11.13,75.65,7.46,11
Crystal Dynamics,10.97,75.68,7.85,12
Ea Bright Light,10.95,59.37,6.33,10
Bandai Namco Games,10.91,66.65,7.39,23
Team Ninja,10.86,76.17,7.59,16
Next Level Games,10.63,67.0,7.71,8
Backbone Entertainment,10.54,69.91,7.44,17
Guerrilla,10.52,75.5,7.58,6
Altron,10.43,62.65,7.06,20
Rebellion,10.2,60.82,6.66,22
Lionhead Studios,10.08,78.67,6.7,5
Amaze Entertainment,9.99,61.3,6.79,20
Exient Entertainment,9.82,66.91,6.23,21
Bethesda Softworks,9.69,67.36,7.75,8
Ready At Dawn,9.54,87.2,8.6,5
Creative Assembly,9.46,73.83,7.6,14
Raven Software,9.42,79.94,7.81,6
Bluepoint Games,9.26,79.57,7.74,7
Taito Corporation,9.13,67.38,7.41,24
Camelot Software Planning,8.98,80.0,8.26,10
Ubisoft Quebec,8.94,67.22,6.39,14
Cat Daddy Games,8.82,57.0,5.79,5
Climax Group,8.77,64.26,7.36,23
Nintendo Ead Tokyo,8.7,89.0,8.85,2
Clap Hanz,8.61,78.25,8.39,7
Acclaim,8.41,62.84,7.32,20
Kush Games,8.39,75.12,7.04,10
"Sce/Wws, Media Molecule",8.36,91.0,7.3,1
Netherrealm Studios,8.34,82.67,8.03,2
989 Sports,8.29,61.56,7.47,22
Sports Interactive,8.26,82.93,6.91,14
Cd Projekt Red Studio,8.24,88.43,8.83,4
Stormfront Studios,8.11,66.92,7.35,7
Argonaut Games,8.09,60.32,6.82,11
Magic Pockets,8.08,68.61,7.18,21
Crytek,8.05,79.36,7.09,7
Double Helix Games,8.03,60.18,6.51,10
"Ubisoft, Ubisoft Montreal",8.01,70.67,4.0,1
Evolution Studios,7.92,76.5,7.23,6
Shiny Entertainment,7.86,52.2,6.34,3
Fun Labs,7.8,62.91,7.04,23
Sce Japan Studio,7.73,77.12,7.91,17
Edge Of Reality,7.7,66.47,7.5,6
Atlus,7.69,80.79,8.33,17
Spike,7.53,57.94,6.95,12
Terminal Reality,7.5,65.22,6.87,14
Platinumgames,7.5,74.62,7.41,11
N-Space,7.35,63.0,6.26,14
Helixe,7.34,60.9,6.68,8
Monolith Productions,7.29,80.0,8.05,5
Arc System Works,7.08,74.74,7.45,28
Tri-Ace,7.03,75.18,8.06,9
Ea Montreal,7.0,70.1,7.42,7
Wayforward,6.93,67.33,7.18,30
"Ubisoft Paris, Ubisoft Montpellier",6.87,66.67,7.83,2
Exakt,6.84,67.75,7.86,7
Firaxis Games,6.82,87.15,7.7,7
Beenox,6.7,66.41,6.81,9
Frontier Developments,6.64,71.8,2.77,6
Rockstar Toronto,6.56,79.0,7.87,6
Avalanche Studios,6.55,75.67,7.21,3
Papaya Studios,6.52,61.88,6.53,7
Budcat,6.46,70.93,6.75,15
Massive Entertainment,6.45,79.8,7.06,3
5Th Cell,6.45,74.1,7.52,8
Jupiter Corporation,6.43,73.5,8.02,6
Ea Chicago,6.31,78.14,7.51,2
Freestylegames,6.2,78.8,6.99,5
Virtuos,6.19,70.42,7.16,15
Sand Grain Studios,6.11,66.23,7.76,11
Slightly Mad Studios,6.1,82.83,6.45,2
Cavia Inc.,6.1,60.92,7.22,12
Genius Sonority Inc.,6.03,65.0,7.25,4
Popcap,5.96,75.88,7.76,14
1St Playable Productions,5.94,71.08,7.16,12
Koei,5.88,68.1,7.88,28
Team Bondi,5.87,89.0,7.75,1
Zoe Mode,5.87,67.0,6.81,8
Webfoot Technologies,5.86,59.8,7.14,10
Red Storm Entertainment,5.81,71.25,7.11,7
Black Lantern Studios,5.79,63.21,7.33,22
Shaba Games,5.78,74.82,8.38,8
Page 44 Studios,5.74,67.38,7.44,11
Scea,5.71,70.25,7.26,12
Bizarre Creations,5.65,72.91,7.44,6
Amusement Vision,5.65,78.57,8.0,7
Virtual Toys,5.6,71.0,7.67,8
Blue Castle Games,5.59,71.33,6.94,4
Asobo Studio,5.53,64.0,7.04,8
Point Of View,5.48,63.14,7.24,15
Snowblind Studios,5.44,74.25,7.89,5
Spark Unlimited,5.41,56.1,6.61,4
Aki Corp.,5.4,76.71,8.19,5
Konami Computer Entertainment Hawaii,5.32,63.58,6.98,10
Now Production,5.32,65.91,7.39,13
Full Fat,5.24,60.85,6.15,12
Bullfrog Productions,5.22,75.8,8.24,5
Artepiazza,5.18,74.8,8.0,5
H.A.N.D. Inc.,5.1,70.14,7.63,7
Indies Zero,5.04,75.0,7.32,9
Sega Am2,5.04,81.56,7.84,8
"Z-Axis, Ltd.",5.0,68.73,7.35,7
"Neversoft Entertainment, Budcat",4.98,82.0,8.2,1
"Kojima Productions, Moby Dick Studio",4.98,82.5,7.47,1
Ghost Games,4.98,77.4,5.12,1
Quantic Dream,4.93,81.8,7.92,3
"Naughty Dog, Sce/Wws",4.92,88.0,8.1,1
Respawn Entertainment,4.91,86.6,7.4,2
Tecmo,4.84,69.75,7.89,18
Acquire,4.82,65.69,7.92,10
Artoon,4.79,55.57,6.1,7
Natsume,4.77,61.27,7.59,22
Paradigm Entertainment,4.76,66.4,7.11,8
Nanaon-Sha,4.72,64.5,7.37,6
Matrix Software,4.68,72.11,7.77,8
Digital Illusions,4.68,72.36,7.49,12
Fox Interactive,4.66,62.5,8.0,1
Microsoft Game Studios,4.66,74.31,7.38,13
Eutechnyx,4.66,58.32,5.32,13
Monolith Soft,4.64,79.38,8.61,8
City Interactive,4.59,60.0,6.72,14
Team Fusion,4.55,71.8,7.86,5
2K Czech,4.54,78.4,7.86,2
2K Marin,4.49,77.83,7.38,2
Nufx,4.48,81.67,8.47,3
Id Software,4.48,75.75,6.51,4
Incognito Inc.,4.43,77.33,8.4,6
Nippon Ichi Software,4.38,74.59,7.45,22
Headstrong Games,4.32,73.14,7.83,6
Chunsoft,4.32,68.8,8.34,5
Irrational Games,4.31,91.5,8.53,2
Arkane Studios,4.3,83.0,7.43,4
Farsight Studios,4.27,65.29,7.42,9
Media Molecule,4.26,86.33,8.47,3
"Nintendo, Nd Cube",4.21,59.25,6.0,4
"Scee, Zoe Mode",4.2,80.0,7.5,1
Acclaim Studios Cheltenham,4.19,65.7,7.31,6
Wb Games Montreal,4.17,75.0,7.6,1
Machinegames,4.17,76.0,7.77,2
"Warner Bros. Interactive Entertainment, Netherrealm Studios",4.16,84.5,7.5,1
Scee,4.15,69.33,7.21,9
Black Rock Studio,4.11,78.4,7.7,2
Ea Salt Lake,4.06,72.5,6.82,2
Tantalus Interactive,4.04,66.07,7.21,12
Tango Gameworks,4.03,72.8,7.14,1
"Spike, Namco Bandai Games",4.02,72.5,8.8,1
Art,3.98,55.89,6.99,9
Ninja Theory,3.97,82.4,6.78,3
Free Radical Design,3.94,79.91,8.33,5
Monster Games Inc.,3.92,75.5,8.08,7
Day 1 Studios,3.91,74.78,6.91,5
Rockstar Studios,3.9,86.67,7.73,1
Etranges Libellules,3.89,62.8,7.07,3
Monkey Bar Games,3.87,63.81,6.47,6
"Scea, Zindagi Games",3.84,76.0,7.9,1
"Nintendo, Namco Bandai Games",3.83,59.0,4.0,1
Milestone S.R.L,3.78,68.17,7.01,16
Project Aces,3.76,75.33,7.35,5
Ea Vancouver,3.73,61.5,5.9,1
Blitz Games Studios,3.69,63.11,6.92,6
Ludia Inc.,3.69,71.0,7.27,8
Dc Studios,3.67,59.0,6.58,11
Caproduction,3.67,56.25,6.55,4
Slant Six,3.67,57.8,5.7,3
Dreamworks Interactive,3.64,89.0,8.8,2
Angel Studios,3.6,61.67,6.5,2
Office Create,3.58,70.0,8.0,1
Disney Interactive Studios,3.58,68.33,7.28,7
Torus Games,3.58,63.62,7.04,16
Scei,3.56,74.25,8.3,4
Hb Studios Multimedia,3.56,60.0,5.93,9
Codemasters Birmingham,3.55,73.71,5.89,3
Team Soho,3.54,72.0,6.8,1
Arika,3.53,65.22,7.26,9
Certain Affinity,3.51,89.0,7.9,1
"Majesco Games, Majesco",3.5,61.62,7.29,8
4J Studios,3.49,69.0,7.57,5
Neverland,3.47,66.8,7.7,14
Agenda,3.45,83.0,8.4,1
Grasshopper Manufacture,3.44,72.36,7.91,10
Ryu Ga Gotoku Studios,3.42,75.0,7.9,5
Ensemble Studios,3.39,81.43,8.19,7
Incinerator Games,3.39,61.86,6.84,3
2K Sports,3.35,72.71,6.61,8
Pivotal Games,3.34,57.45,7.01,5
Syn Sophia,3.31,74.5,7.85,2
Blue Tongue Entertainment,3.3,67.21,7.39,8
Eidos Montreal,3.29,86.25,7.83,2
505 Games,3.29,68.93,7.13,23
Snk Playmore,3.29,67.58,7.47,20
"Splash Damage, The Coalition",3.28,82.0,7.5,1
Sony Bend,3.26,76.0,8.14,5
"Irrational Games, 2K Marin",3.24,96.0,8.7,1
Junction Point,3.23,65.0,6.3,2
Genki,3.23,61.0,7.73,12
Oddworld Inhabitants,3.22,85.25,8.97,4
Creatures Inc.,3.21,63.33,7.47,3
Nex Entertainment,3.21,65.5,7.0,6
Atlus Co.,3.21,80.6,8.25,10
"Lexis Numerique, Virtual Toys",3.2,71.0,7.5,4
7 Studios,3.2,53.87,6.53,8
Firebrand Games,3.19,69.53,7.02,12
Visual Impact,3.18,63.64,7.21,13
Vigil Games,3.16,83.0,7.81,2
United Front Games,3.15,81.5,8.05,2
"Dimps Corporation, Sonic Team",3.12,82.0,8.5,1
Secret Level,3.12,58.0,6.23,7
Midway Studios - San Diego,3.11,59.5,6.1,4
"Dice, Danger Close",3.1,73.0,6.55,1
Ublart Montpellier,3.1,85.17,8.0,1
Racjin,3.1,62.38,7.38,12
Artefacts Studio,3.07,51.6,6.08,4
Mto,3.07,69.75,6.96,8
Team 17,3.07,63.58,6.91,17
Juice Games,3.02,68.0,7.33,3
Sanzaru Games,2.97,64.67,7.49,7
"Lucasarts, Bioware",2.96,85.0,5.9,1
Kaos Studios,2.93,72.0,6.6,2
Officecreate,2.89,61.0,5.3,1
Danger Close,2.89,54.33,5.6,1
Digital Extremes,2.89,76.56,7.46,6
Black Ops Entertainment,2.87,53.88,6.4,6
Bandai,2.87,58.62,7.88,10
Take-Two Interactive,2.87,71.06,7.55,10
Hellbent Games,2.83,55.75,7.45,4
"Ea Dice, Danger Close",2.81,75.0,7.5,1
Crave,2.81,63.67,6.86,17
Neko Entertainment,2.8,64.6,6.96,17
3Do,2.8,55.29,5.75,14
Starbreeze,2.74,79.09,8.01,6
Robomodo,2.74,53.67,3.88,3
"Koei, Omega Force",2.73,54.14,6.73,5
Factor 5,2.7,82.5,8.1,2
Vis Entertainment,2.7,57.0,6.54,3
Human Soft,2.7,65.67,7.64,9
Big Blue Box,2.66,85.0,8.5,1
Remedy Entertainment,2.66,81.14,7.67,4
Ea Sports Big,2.63,89.33,8.47,2
Hangar 13,2.62,66.0,4.3,1
Alfa System,2.62,68.25,7.71,8
Cooking Mama Limited,2.62,65.0,6.47,4
Paradox Development,2.62,51.12,7.06,5
Vicious Cycle,2.6,61.89,7.3,9
Nihilistic,2.58,56.8,6.44,4
Relic,2.58,79.93,7.63,12
"Ready At Dawn, Sce Santa Monica",2.56,67.0,7.45,2
8Ing/Raizing,2.56,74.0,8.33,3
Double Fine Productions,2.55,83.0,7.88,3
Behaviour Interactive,2.55,67.06,6.44,8
"Ubisoft Reflections, Ivory Tower",2.52,65.33,5.9,1
Genuine Games,2.5,42.5,5.4,2
Tamsoft,2.5,61.8,6.53,10
Powerhead Games,2.49,67.09,6.95,11
Playground Games,2.48,88.5,7.8,2
Planet Moon Studios,2.46,69.0,7.28,4
Giants Software,2.46,60.0,6.76,5
Cyan Worlds,2.45,81.0,7.55,2
"Namco Bandai Games America, Namco Bandai Games",2.44,68.71,7.01,4
Pam Development,2.44,75.33,7.27,3
49Games,2.43,62.79,7.31,8
Gaijin Entertainment,2.43,65.09,7.09,5
Arenanet,2.42,83.6,8.46,5
Nixxes Software,2.41,77.56,7.52,7
Destineer,2.4,69.26,7.36,19
Ubisoft Romania,2.39,70.45,6.65,7
Game Republic,2.37,60.6,6.25,7
Surreal Software,2.36,73.67,8.15,4
Xpec,2.35,64.88,6.72,5
Grezzo,2.34,89.0,9.0,1
"Rare Ltd., Bigpark",2.34,66.0,6.5,1
Silicon Knights,2.33,58.29,6.37,4
Gust,2.32,68.44,7.27,15
Sony Online Entertainment,2.3,68.83,7.87,6
Zoo Games,2.3,69.74,7.56,17
Melbourne House,2.29,68.33,7.73,3
Ambrella,2.29,52.33,6.33,3
Digital Kids,2.29,71.0,7.71,7
"Hal Labs, Creatures Inc.",2.28,68.0,8.2,1
Studio Liverpool,2.27,82.33,7.93,6
Vingt-Et-Un Systems,2.26,58.33,7.5,3
K2 Llc,2.24,57.57,7.1,7
Ubisoft Toronto,2.23,80.75,7.6,1
Propaganda Games,2.23,62.33,6.3,2
Pacific Coast Power & Light,2.23,59.83,6.97,3
Capcom Vancouver,2.22,72.0,6.67,2
Savage Entertainment,2.22,67.67,8.0,3
Kuju Entertainment,2.22,70.36,7.61,11
"Climax Group, Climax Studios",2.21,75.0,7.5,8
Coresoft,2.2,67.67,7.76,7
Zenimax Media,2.18,74.0,7.05,1
Inis,2.18,72.6,7.38,5
Clover Studio,2.18,80.62,7.88,5
Grin,2.18,59.17,6.37,3
Imaginengine,2.16,69.71,6.33,6
Big Huge Games,2.15,82.67,7.98,4
Warthog,2.13,61.0,7.32,7
Mercury Steam,2.11,72.0,7.75,3
Jellyvision,2.1,74.67,7.5,3
Gorilla Systems,2.09,67.43,6.66,7
High Impact Games,2.09,70.8,6.72,3
Blue Planet Software,2.08,44.0,6.2,1
"Electronic Arts, Rebellion",2.08,61.5,6.4,1
Gameloft,2.06,60.44,6.98,9
Supermassive Games,2.05,75.5,8.1,2
"Red Storm Entertainment, Ubisoft Paris",2.05,85.0,8.1,1
Atari,2.05,68.44,7.73,8
Sidhe Interactive,2.05,62.3,7.03,6
Red Fly Studio,2.02,58.71,6.89,5
3D6 Games,2.01,62.5,6.83,4
Vanillaware,2.01,80.43,8.0,4
Spike Chunsoft,2.01,69.8,7.59,7
"Gearbox Software, 3D Realms",2.0,51.33,5.0,1
Ubisoft Reflections,1.99,75.75,7.12,1
Acclaim Studios Austin,1.99,74.75,7.78,4
Check Six Games,1.97,56.0,4.1,1
Razorworks Studios,1.97,55.62,7.45,5
Eden Studios,1.97,72.0,7.27,6
"Playground, Playground Games",1.96,85.0,8.4,1
Splash Damage,1.96,73.5,6.47,2
Atomic Planet Entertainment,1.95,61.0,7.65,8
"Flagship, Hal Labs",1.94,71.0,8.1,1
Reality Pump,1.9,65.75,6.4,2
Marvelous Entertainment,1.87,61.29,7.13,7
Locomotive Games,1.86,67.0,7.05,2
Rockstar London,1.85,71.67,8.2,2
Kce Studios,1.85,57.2,7.52,5
"Blue Byte, Related Designs",1.81,82.5,7.9,2
Marvelous Aql,1.81,72.67,7.97,3
"Image Epoch, Imageepoch",1.81,63.33,7.34,9
Trion Worlds,1.8,66.75,6.97,2
"Sega, Sonic Team",1.79,73.0,8.4,2
Turtle Rock Studios,1.79,75.67,4.57,1
Endemol,1.79,71.0,7.5,2
Piranha Games,1.78,61.5,6.95,3
Pitbull Syndicate,1.76,72.0,8.05,1
Realtime Worlds,1.75,83.0,8.0,1
Light Weight,1.74,56.25,5.62,4
4A Games,1.74,80.0,8.24,2
Telltale Games,1.72,64.64,6.63,6
"Epic Games, People Can Fly",1.71,83.0,7.67,1
Bugbear,1.71,73.55,7.55,6
Hello Games,1.7,71.0,4.5,1
Creat Studios,1.7,51.5,7.29,9
Blue Fang Games,1.69,71.17,8.1,4
Uds,1.66,60.67,7.23,5
Bigbig Studios,1.65,71.0,7.42,4
Pocket Studios,1.64,44.0,6.0,2
Ea Seattle,1.62,71.5,7.35,1
2K Australia,1.62,75.33,6.3,1
Midway Studios - Austin,1.62,67.6,7.54,3
Runecraft,1.61,55.6,7.32,4
Collision Studios,1.61,58.67,6.26,7
Inti Creates,1.61,65.0,6.64,8
"Mistwalker, Artoon",1.6,74.67,7.9,3
Haemimont,1.6,71.0,7.19,7
Treasure,1.58,76.36,7.86,11
Q Entertainment,1.58,77.1,7.54,9
Steel Monkeys,1.57,55.0,7.55,1
Ganbarion,1.57,69.57,7.8,4
Mind Candy,1.54,71.0,7.5,1
The Code Monkeys,1.54,54.5,6.25,2
Land Ho!,1.54,71.0,7.5,3
Big Blue Bubble Inc.,1.54,63.0,7.03,6
Opus,1.54,58.11,7.18,9
Falcom,1.54,80.44,8.11,7
"Naughty Dog, Sony Bend",1.53,80.0,7.4,1
Marvelous,1.53,76.6,9.0,5
Rage Software,1.52,68.83,7.63,4
"Genius Sonority Inc., Disney Interactive Studios",1.51,71.0,7.8,1
"Square Enix, Tri-Ace",1.51,73.0,6.95,2
"Crystal Dynamics, Nixxes Software",1.5,86.0,8.3,3
Avanquest Software,1.5,71.0,7.5,5
Eden,1.49,70.0,6.07,1
Engine Software,1.49,75.6,7.45,6
Eighting,1.49,64.67,7.92,6
Barking Lizards,1.48,71.0,6.5,1
Media Vision,1.47,66.0,7.26,9
Skyworks Technologies,1.46,55.0,7.38,6
Airtight Games,1.45,60.75,6.59,2
Bigpark,1.43,52.0,5.0,1
Novarama,1.43,67.5,6.98,6
"Ea Canada, Nihilistic",1.43,55.0,6.5,1
"Digital Extremes, 2K Marin",1.42,94.0,8.7,1
Flagship,1.42,89.0,9.0,1
Ubisoft Sofia,1.42,71.5,7.5,2
Keen Games,1.42,73.2,8.22,3
Barnstorm Games,1.41,71.0,7.5,1
Indie Built,1.41,72.25,8.3,4
Anchor,1.41,69.67,7.5,3
Buzz Monkey,1.4,57.0,6.2,2
"Kush Games, Visual Concepts",1.39,82.67,8.27,1
Arzest,1.38,64.0,6.1,1
M2,1.38,73.0,7.3,3
"Square Enix, Think And Feel",1.37,81.0,6.1,1
Big Sky Software,1.37,59.67,6.67,2
Paon Corporation,1.37,64.4,7.12,5
Left Field Productions,1.36,63.82,7.08,5
The Coalition,1.35,84.0,6.2,1
D3Publisher,1.35,67.0,7.5,5
Rockstar Vienna,1.34,73.0,8.2,1
3G Studios,1.34,47.67,5.73,3
Fasa Studio,1.34,77.0,8.15,2
"Dimps Corporation, Namco Bandai Games",1.34,71.5,7.4,1
Takara,1.34,63.33,7.77,6
Project Soul,1.33,79.0,6.45,1
"Tetris Online, Inc",1.32,74.0,6.65,1
Pipe Dream Interactive,1.31,58.25,7.05,4
Inti,1.31,79.25,8.9,4
Cing,1.31,71.8,8.1,5
Good-Feel,1.3,78.0,8.5,1
Jester Interactive,1.3,71.25,8.35,4
Chris Sawyer,1.29,72.5,8.0,2
Wxp,1.28,68.75,7.7,3
Idol Minds,1.28,60.25,6.85,3
"Opus, Project Sora",1.27,83.0,8.7,1
"Nintendo, Spike Chunsoft",1.27,59.0,6.3,1
"Thq, Yuke'S",1.27,78.0,8.0,1
Overworks,1.27,82.67,8.83,3
Red Entertainment,1.27,69.75,7.55,4
Sensory Sweep,1.27,59.82,6.61,9
"Nintendo, Nintendo Software Technology",1.26,72.0,7.6,2
Longtail Studios,1.26,60.33,6.2,3
"Tarsier Studios, Double Eleven",1.25,88.0,8.6,1
"Spike Chunsoft Co. Ltd., Spike Chunsoft",1.25,69.0,8.8,1
"Capcom, Pipeworks Software, Inc.",1.25,75.5,8.6,1
Kouyousha,1.25,71.0,7.5,3
Sting,1.25,67.58,7.93,8
"Id Software, Raven Software",1.24,72.33,7.4,1
Yager,1.24,74.75,8.43,2
Dancing Dots,1.23,71.0,7.5,3
Neo Software,1.22,89.0,8.3,1
Tri-Crescendo,1.22,72.25,7.65,3
"Ascaron Entertainment Gmbh, Ascaron Entertainment",1.21,70.67,7.1,1
Gorilla Games,1.2,71.0,6.73,2
Spicy Horse,1.2,71.67,8.13,1
Pocketeers,1.2,70.33,8.07,3
Wow Entertainment,1.2,70.43,7.91,7
Mistic Software,1.2,67.56,7.43,8
Piranha Bytes,1.2,57.89,5.82,4
Blizzard North,1.19,87.5,8.95,2
"Team Ninja, Tecmo",1.19,59.5,6.8,2
Aspect,1.19,70.0,7.63,3
"Omega Force, Tecmo Koei Games",1.18,64.0,6.5,1
Saffire,1.18,56.0,7.7,6
Hijinx Studios,1.18,70.0,6.83,3
Dreamfactory,1.17,60.0,7.58,4
"Cyberconnect2, Racjin",1.17,74.0,7.15,1
Data Design Interactive,1.16,60.67,3.71,14
Barnhouse Effect,1.15,61.67,8.03,3
Titus Software,1.14,57.17,6.08,5
Infinite Interactive,1.14,68.0,6.9,5
"Level 5, Brownie Brown",1.13,73.0,8.6,1
Dontnod Entertainment,1.13,76.67,8.03,2
Ruffian Games,1.12,70.0,6.0,1
Nerve Software,1.12,76.5,8.05,2
"Ea Sports, Ea Canada",1.11,79.0,5.75,1
"Lucasarts, Krome Studios",1.11,57.75,6.45,1
"Ea Redwood Shores, Ea Salt Lake",1.09,66.0,4.4,1
"Mad Doc Software, Rockstar Vancouver",1.09,76.0,7.9,1
Brownie Brown,1.09,69.0,7.43,3
Sega Racing Studio,1.09,75.33,7.27,1
Triumph Studios,1.09,76.6,7.86,2
Ubisoft Shanghai/Paris,1.08,58.0,6.0,1
Shin'En,1.08,67.6,7.67,10
Inxile Entertainment,1.08,67.67,6.96,4
Compile Heart,1.07,63.73,7.11,10
Silicon Studio,1.06,79.0,7.7,2
Hypnotix,1.06,67.57,7.66,5
Blue Byte,1.06,67.71,6.46,6
Sega Am3,1.05,80.0,7.9,1
Kcek,1.05,84.5,8.0,2
Evolution Games,1.05,62.0,7.05,1
"Valuewave Co.,Ltd.",1.05,65.0,6.9,3
Overkill Software,1.05,76.0,5.3,1
Eugen Systems,1.05,75.25,7.38,2
Access Games,1.05,63.4,7.36,5
Supervillain Studios,1.04,72.5,7.85,4
Takara Tomy,1.04,62.71,6.77,7
"Electronic Arts, Ea Redwood Shores",1.03,71.0,7.7,1
"Tantalus Interactive, Tantatus, Nintendo",1.03,86.0,8.4,1
Iron Galaxy Studios,1.03,71.0,6.62,4
"Sega, Dimps Corporation",1.02,66.0,6.9,1
Mistwalker,1.02,74.5,7.9,2
Ubisoft Casablanca,1.02,50.75,5.9,4
Eighting/Raizing,1.02,72.25,8.47,4
Venom Games,1.02,67.6,7.06,4
Mumbojumbo,1.02,65.2,7.5,9
Hyde,1.01,71.0,7.5,1
Thq Digital Studio Phoenix,1.01,62.0,6.95,1
Psygnosis,1.01,91.0,8.33,3
Redlynx,1.01,76.5,7.17,2
Cokem Interactive,1.01,71.0,7.5,6
Hotgen,1.01,62.43,6.94,7
Koei Tecmo Games,1.01,69.4,7.6,8
Deibus Studios,1.0,52.5,6.17,3
Midway Studios - Los Angeles,1.0,77.5,7.6,1
Humongous Entertainment,1.0,66.0,7.77,4
Arcade Moon,1.0,61.0,6.8,3
2K Games,1.0,72.5,6.18,4
Route 1 Games,0.99,71.0,7.5,1
Full-Fat,0.99,66.0,7.54,7
Sega Studios San Francisco,0.99,45.33,6.2,1
Black Isle Studios,0.98,82.25,8.53,3
Red Tribe,0.98,43.67,5.17,3
David A. Palmer Productions,0.97,63.33,7.0,3
Jgi Entertainment,0.97,70.5,8.6,2
Illusion Softworks,0.97,73.0,8.13,1
Genepool,0.97,59.33,6.73,1
Ratbag,0.97,63.0,7.9,3
Mastiff,0.97,71.0,7.5,5
"Vicarious Visions, Neversoft Entertainment",0.96,77.0,7.5,1
Virtucraft,0.96,58.0,7.5,3
Ubisoft Milan,0.96,63.5,7.05,4
Pyramid,0.96,65.5,6.05,2
Adrenium,0.96,58.25,7.53,3
Ubisoft Vancouver,0.96,52.0,7.42,3
Superbot Entertainment,0.95,74.0,7.3,1
Rockstar Vancouver,0.94,87.0,9.1,1
Kalypso,0.94,61.57,6.17,6
Fuse Games Limited,0.94,70.5,6.4,2
"High Voltage Software, Backbone Entertainment",0.94,37.25,2.9,1
"Terminal Reality, 4Mm Games",0.94,71.33,6.4,1
"Square Enix, H.A.N.D. Inc.",0.93,66.0,7.0,1
"Shift, Bandai Namco Games",0.93,70.67,8.17,2
Awe Games,0.93,53.0,6.45,3
Guerilla Cambridge,0.91,78.5,8.4,2
Destination Software,0.91,51.17,6.52,5
Bullets,0.9,70.67,7.5,3
Shift,0.9,65.75,7.28,3
Marvelous Inc.,0.9,70.38,7.62,6
Appaloosa Interactive,0.89,58.0,7.4,2
Brain Toys,0.89,70.0,7.33,3
Starfish,0.89,62.38,7.5,8
Sci,0.88,64.0,7.8,2
Digital Anvil,0.88,81.0,8.4,2
Bam Entertainment,0.88,54.5,6.47,3
"Human Soft, Ivolgamus",0.88,71.0,7.5,1
Dreamcatcher,0.88,64.23,6.63,13
"Media Molecule, United Front Games",0.87,73.0,6.9,1
Cinegroupe,0.87,71.0,7.75,2
Totally Games,0.87,64.25,7.53,2
Scej,0.87,69.33,7.4,3
Cygames,0.86,71.0,7.5,1
Toolbox Design,0.86,53.0,5.8,1
Tomy Corporation,0.86,67.67,7.9,3
Suzak,0.86,65.67,7.63,3
Vu Games,0.86,49.33,7.4,3
Storm City Games,0.85,57.0,7.5,7
T&E Soft,0.85,72.0,7.83,3
Pyro Studios,0.85,62.9,7.62,6
Sandlot,0.84,69.86,7.97,6
Eidos Interactive,0.84,73.5,7.53,4
"Treyarch, Sledgehammer Games",0.82,70.0,1.8,1
Inevitable Entertainment,0.82,62.0,7.8,2
"Ubisoft, Sensory Sweep",0.82,67.67,7.23,3
"Harmonix Music Systems, Demiurge Studios",0.82,75.5,6.45,1
Prope,0.82,67.0,6.43,4
Smilebit,0.82,82.8,7.92,5
Artech Studios,0.82,56.83,7.13,5
Gevo Entertainment,0.81,71.0,7.5,1
Cerasus Media,0.81,68.33,7.5,3
"Red Storm Entertainment, Ubisoft Montreal",0.81,72.0,7.1,1
Bec,0.8,49.8,6.94,5
"Team 17, Two Tribes",0.79,80.5,8.6,1
"Sumo Digital, Playground Games",0.78,71.0,5.1,1
Trilobyte,0.78,71.0,7.5,1
"Machatin, Inc.",0.78,60.0,7.4,2
Zombie Studios,0.78,52.5,6.08,2
"Artificial Mind And Movement, Polygon Magic",0.77,69.0,7.5,1
Magenta Software,0.77,58.25,6.67,3
"Omega Force, Koei Tecmo Games",0.77,70.0,8.05,2
"City Interactive, Deck 13",0.77,70.67,6.73,1
Teyon,0.77,53.75,6.15,3
Ai,0.77,62.25,6.55,4
Smack Down Productions,0.77,65.25,5.83,2
"Lucasarts, Red Fly Studio",0.76,71.0,7.8,1
Valusoft,0.76,65.0,7.42,5
Ufo Interactive,0.76,71.0,7.5,11
Kcea,0.75,67.25,7.5,3
Scea Sports Studio,0.75,67.5,5.85,1
Humagade,0.75,48.5,7.5,2
"Rovio Mobile, Rovio Entertainment",0.75,67.75,5.5,3
Cunning Developments,0.74,63.0,7.15,2
Epicenter Studios,0.74,53.33,6.83,2
Wbie,0.74,69.5,7.1,1
Razorworks,0.74,51.75,7.2,3
Phoenix Games Studio,0.74,66.0,7.13,3
"Treyarch, Shaba Games",0.74,62.75,6.67,1
Handheld Games,0.74,68.67,8.08,6
Frogwares,0.74,63.86,7.34,4
Bits Studios,0.74,61.57,7.6,4
Dearsoft,0.73,64.0,8.7,1
Magicwand,0.73,71.0,8.37,3
Coldwood Interactive,0.73,63.33,7.5,2
Blade Interactive,0.73,54.83,7.15,3
Blue Tongue,0.73,55.0,5.9,2
"Idea Factory, Compile Heart",0.73,52.0,7.33,3
Psyonix,0.73,78.25,8.18,2
Gas Powered Games,0.73,77.86,7.41,6
Blue Shift,0.73,68.0,7.96,3
Realism Ltd,0.72,82.0,8.6,1
Studio Gigante,0.72,60.5,6.7,2
Saber Interactive,0.72,63.17,6.73,2
Victor Interactive Software,0.72,79.0,9.05,2
Cattle Call,0.72,67.25,6.85,4
Ion Storm,0.72,84.25,8.28,4
Ignition Entertainment,0.72,75.8,7.44,4
"Zoe Mode, Hb Studios Multimedia",0.72,49.25,6.5,1
Equinoxe,0.71,48.0,5.1,1
"Id Software, Nerve Software",0.71,77.0,7.9,1
Tantatus,0.71,56.25,7.53,3
"Eighting, Genius Sonority Inc.",0.7,65.0,5.9,1
"Scea, Sims",0.7,66.0,6.4,1
Disney Interactive,0.7,66.5,7.38,4
Hypnos Entertainment,0.69,84.0,8.5,1
Armature Studio,0.69,64.5,6.8,1
Attention To Detail,0.69,61.67,6.92,5
Game Machine Studios,0.68,71.0,7.0,2
Human Head Studios,0.68,61.0,7.6,3
"Bioware, Demiurge Studios",0.67,89.0,8.6,1
"Red Entertainment, Artdink",0.67,68.0,7.1,1
Delphine Software International,0.67,72.0,7.9,2
Wideload Games Inc.,0.67,64.0,6.67,3
Cyberlore Studios,0.67,60.0,6.8,2
Irem,0.67,66.57,7.56,7
Lab Rats Games,0.66,51.0,7.15,1
Crawfish Interactive,0.66,68.4,7.56,5
Cauldron Ltd.,0.66,59.86,6.47,4
Deep Silver,0.66,64.3,6.33,6
"Dimps Corporation, Sce Japan Studio",0.65,73.0,8.3,1
"Krome Studios, Screenlife Games",0.65,76.0,7.4,1
Q-Games,0.65,81.0,7.6,2
Computer Artworks,0.64,78.0,7.0,1
Brash Entertainment,0.64,62.75,7.38,2
Sce Studio Cambridge,0.64,62.33,7.27,3
Oxygen Interactive,0.64,61.62,7.24,7
Vivarium,0.63,72.0,8.2,2
Kuusou Kagaku,0.63,65.5,8.5,2
Gusto Games,0.63,65.6,6.82,4
"Media Vision, Contrail",0.62,78.0,8.4,1
Scs Software,0.62,75.0,8.15,2
Lucky Chicken,0.62,57.4,5.86,4
Monumental Games,0.62,69.75,6.17,2
Vanilla Ware,0.61,81.0,8.25,2
Kceo,0.61,55.86,7.14,7
"Bandai Namco Games, Artdink",0.61,66.5,6.7,1
Hothouse Creations,0.6,35.5,4.1,2
"Jellyvision, Iron Galaxy Studios",0.6,81.67,7.63,1
Dreamworks Games,0.59,80.0,7.9,1
"Ritual Entertainment, Avalanche Software",0.59,40.0,6.05,1
Backbone Vancouver,0.59,60.67,7.5,1
Beyond Games,0.58,54.5,6.75,1
Telegames,0.58,71.0,8.35,2
Lightning Fish Games,0.58,68.6,7.16,2
Polygon Magic,0.58,63.5,7.55,4
Gratuitous Games,0.58,73.33,7.27,2
Pseudo Interactive,0.58,67.25,7.65,3
Bunkasha Publishing,0.57,74.0,5.2,1
Itl,0.57,79.5,8.35,2
"Ea Canada, Ea Vancouver",0.57,77.5,4.9,1
Artdink,0.57,61.8,6.58,3
"Cyanide, Cyanide Studios",0.57,54.33,5.73,1
Aq Interactive,0.57,68.0,7.2,3
"Namco Bandai Games, Bandai Namco Games",0.56,71.0,8.0,1
Awesome Studios,0.56,75.0,6.6,1
"Farsight Studios, Crave",0.56,57.5,7.5,1
Toybox,0.56,58.0,6.47,2
Feelplus,0.56,49.5,3.95,3
Hydravision,0.56,56.0,7.23,3
Deep Space,0.55,67.0,7.8,1
Nuevo Retro Games,0.55,67.0,6.8,1
Jaleco Entertainment,0.55,59.0,6.24,5
War Drum Studios,0.54,67.5,8.1,2
Impulse Games,0.54,58.0,7.53,2
Jack Of All Games,0.54,64.14,7.5,5
"High Voltage Software, Ubisoft Paris",0.53,61.0,6.4,1
Raster,0.53,66.0,8.0,1
"Scholastic, Inc.",0.53,71.0,7.5,2
Noise Inc.,0.53,69.5,8.2,2
Deep Silver Dambuster Studios,0.53,50.33,3.8,1
"Mercury Steam, Alchemic Productions",0.53,62.0,7.33,1
Starfish Sd,0.53,71.0,7.5,5
Smart Bomb Interactive,0.52,60.0,7.62,3
Majesco Games,0.52,71.0,7.5,2
Examu,0.52,73.25,7.72,3
5Pb,0.52,73.29,8.29,5
Eko Software,0.52,65.0,6.23,5
Hudson Entertainment,0.52,62.0,7.56,5
Hexadrive,0.51,71.0,6.1,1
"Jupiter Corporation, Jupiter Multimedia",0.51,70.0,7.7,1
"Factor 5, Sce/Wws",0.51,53.0,6.4,1
"Sce Japan Studio, Comcept",0.51,77.0,8.2,1
Knowledge Adventure Inc.,0.51,69.5,7.5,2
Sennari Interactive,0.51,56.0,7.05,2
Swordfish Studios,0.51,72.0,7.27,2
Contraband Entertainment,0.5,75.0,7.7,1
Quest,0.5,88.0,9.1,1
Handmade Game,0.5,56.0,7.5,1
Creations,0.5,48.5,7.5,2
Furyu,0.5,67.2,7.6,3
Coyote Console,0.5,65.29,6.9,5
Volatile Games,0.49,60.5,6.45,1
Iwin,0.49,70.0,7.5,3
Revolution Software,0.49,69.29,7.66,6
Larian Studios,0.49,73.0,7.78,4
Super X Studios,0.49,62.0,7.7,2
"Harmonix Music Systems, Backbone Entertainment",0.48,79.0,8.6,1
"Screenlife Games, Wxp",0.48,73.0,8.1,1
Inland Productions,0.48,51.0,6.4,1
Sscholastic Media,0.48,54.0,5.5,1
Cave,0.48,70.5,7.67,4
New,0.47,75.0,8.0,1
"Ubisoft Barcelona, Ubisoft Reflections",0.47,41.0,4.2,1
"Eurocom Entertainment Software, Visceral Games",0.47,82.0,8.1,1
Phantagram,0.47,79.5,7.7,2
"Nintendo, Headstrong Games",0.46,81.0,7.6,1
Vatra,0.46,64.0,6.9,1
Wizarbox,0.46,68.33,7.32,3
"Activision, Freestylegames",0.46,77.5,5.6,1
Stainless Games,0.46,61.8,6.72,3
Zootfly,0.46,41.0,4.25,1
Ir Gurus,0.45,65.75,7.2,2
Sims,0.45,71.0,7.5,2
K2,0.45,56.33,6.57,3
Gungho,0.45,53.33,6.37,3
Big Ant Studios,0.45,70.12,7.39,4
"Nintendo, Camelot Software Planning",0.44,58.0,5.3,1
"Square Enix, Tose",0.44,83.0,7.6,1
Amuze,0.44,65.0,7.1,2
Mucky Foot Productions,0.44,51.0,5.05,1
Magellan Interactive,0.44,69.6,7.54,5
Tenyo,0.43,69.0,7.5,1
Kamui,0.43,51.0,8.1,1
Sunrise Interactive,0.43,71.0,8.8,1
Zen Studios,0.43,57.5,6.75,2
Empire Interactive,0.43,56.5,6.88,4
Jet Black Games,0.43,60.0,7.5,2
Phoenix Interactive Entertainment,0.43,71.0,7.5,2
Fall Line Studio,0.43,61.5,7.5,2
"Nintendo, Intelligent Systems",0.42,75.0,6.8,1
Bluehole Studio,0.42,77.0,6.8,1
Nadeo,0.42,78.67,7.47,1
Sunsoft,0.42,68.0,6.45,2
Circus Freak,0.42,57.5,6.75,2
Hitmaker,0.42,73.75,7.95,4
Rfx Interactive,0.42,69.67,7.33,3
Firefly Studios,0.42,61.0,6.16,5
Frontline Studios,0.42,45.2,5.82,5
Maximum Games,0.41,69.0,8.7,1
2Xl Games,0.41,63.0,6.05,1
Santa Cruz Games,0.41,56.33,6.93,3
Kemco,0.41,56.33,5.57,5
Renegade Kid,0.41,72.25,7.78,4
Cyanide,0.41,62.67,6.06,7
System 3,0.41,61.57,6.6,6
Twisted Pixel Games,0.4,77.0,8.1,1
Sanuk Games,0.4,71.0,7.5,2
Mitchell,0.4,70.5,8.25,2
Classic Media Distribution Limited,0.4,71.0,8.2,1
Funcom,0.4,78.2,8.36,5
"Frogwares, Mistic Software",0.39,57.0,3.1,1
"Monolith Soft, Banpresto",0.39,70.0,7.3,1
Climax Entertainment,0.39,64.33,7.67,3
Gunnar Games,0.39,71.0,7.5,2
Red Zone Entertainment,0.38,51.0,4.6,1
Uacari,0.38,71.0,7.5,1
Graphic State,0.38,57.67,6.97,3
Metro,0.38,72.5,8.6,2
Nautilus,0.38,80.5,8.65,2
Beyond Reality,0.38,55.5,7.5,2
Panic Button,0.38,51.5,4.72,4
Crafts & Meister,0.37,72.0,5.8,1
Open Sesame,0.37,71.0,7.8,1
Blueside,0.37,55.0,5.9,1
Playbox Limited,0.37,71.0,7.5,1
"Rocksteady Studios, Virtuos",0.37,75.0,8.35,1
Mobius Entertainment,0.37,73.25,6.9,4
Cranky Pants Games,0.37,71.25,7.7,3
Vivendi Games,0.37,67.0,7.6,1
Coyote Developments,0.37,56.33,6.27,2
Namco Bandai Games America,0.37,63.25,7.38,4
Lexis Numerique,0.37,67.0,7.5,3
Nordic Games Publishing,0.37,68.62,6.84,6
Legacy Interactive,0.37,70.71,7.43,7
Microids,0.37,69.9,7.44,7
Pax Softonica,0.36,72.0,9.3,1
Zener Works,0.36,70.0,8.5,1
"Red Entertainment, Spike Chunsoft",0.36,57.0,4.8,1
"Gamemill Publishing, 1St Playable Productions",0.36,71.0,7.5,2
Ivory Tower,0.36,70.75,6.8,2
Gaming Minds Studios,0.36,64.0,6.53,3
N-Fusion Interactive Entertainment Corp.,0.36,71.0,6.97,3
Razorback Developments,0.36,60.4,7.5,5
Vir2L Studios,0.35,71.0,1.1,1
Wildtangent,0.35,49.0,7.5,1
Nobilis,0.35,71.0,7.5,2
Simon & Schuster,0.35,60.0,7.2,2
Aspyr,0.35,71.0,7.54,5
Naturalmotion,0.35,56.0,7.3,1
Kylotonn,0.35,46.33,5.13,1
Winkysoft,0.35,59.33,7.77,3
Taniko,0.35,50.33,6.23,3
Daedalic Entertainment,0.35,74.75,7.8,4
Buena Vista Interactive,0.34,47.0,6.8,1
Cohort Studios,0.34,60.0,6.2,1
"Ubisoft, Powerhead Games",0.34,71.0,7.5,1
Presto Studios,0.34,56.0,7.25,1
Widescreen Games,0.34,44.0,6.8,3
Software Creations,0.34,78.0,8.25,2
"Playlogic, The Game Factory",0.34,52.0,6.1,1
Idea Factory,0.34,67.0,7.6,5
Fizz Factor,0.33,71.0,7.5,1
"Amaze Entertainment, Griptonite Games",0.33,58.0,7.5,1
"Lancarse, Atlus",0.33,75.0,8.5,1
"Capcom, Klein Computer Entertainment",0.33,75.0,7.5,1
Amble,0.33,62.5,7.5,2
"Tecmo, Ntreev Soft",0.33,71.0,7.65,2
Career Soft,0.33,70.5,7.8,2
Seta Corporation,0.33,66.5,8.65,2
Darkworks,0.33,72.0,7.8,2
Croteam,0.33,76.2,7.7,4
"Buzz Monkey, Ea Montreal",0.32,49.0,6.0,1
"Atlus, Dingo Inc.",0.32,76.0,8.6,1
"Game Republic, Japanstudio",0.32,75.0,8.2,1
Codefire,0.32,60.0,7.5,1
Activision Value,0.32,53.33,8.07,3
Griffin International,0.32,71.0,7.5,1
"Microprose, N-Space",0.32,71.0,7.5,2
Spellbound,0.32,69.5,6.28,3
The Game Factory,0.32,60.0,7.43,3
Bohemia Interactive,0.32,71.25,7.48,4
Yacht Club Games,0.32,89.33,8.03,1
Dtp Entertainment,0.32,68.71,7.26,5
Big Red Button Entertainment,0.31,32.0,3.6,1
Wildfire Studios,0.31,26.0,3.8,1
"Inti, Inti Creates",0.31,78.0,8.9,1
Magix,0.31,71.0,7.5,1
Denyu-Sha,0.31,71.0,7.5,1
Ronin Entertainment,0.31,32.0,2.4,1
Shade,0.31,54.0,5.8,1
Akella,0.31,60.5,6.4,2
Wargaming.Net,0.31,74.5,5.5,2
Timegate Studios,0.31,67.33,7.2,2
Experience Inc.,0.31,69.0,7.57,3
Egames,0.31,71.0,7.5,1
Prolific,0.3,27.0,8.9,1
Sinister Games,0.3,53.0,7.5,1
"Banpresto, Softmax",0.3,69.0,7.0,1
Mahou,0.3,71.0,7.5,1
Hyperspace Cowgirls,0.3,46.0,7.5,1
Related Designs,0.3,79.0,8.3,1
Banpresto,0.3,69.5,7.5,2
Ccp,0.3,71.0,6.9,2
Nordcurrent,0.3,52.67,7.5,3
Games Farm,0.3,59.0,7.13,1
Interchannel,0.3,39.5,5.0,2
Deck 13,0.3,50.0,6.87,1
Outrage Games,0.3,66.0,6.77,2
Koolhaus Games,0.3,71.0,5.47,2
The Workshop,0.29,70.0,7.3,1
"Neversoft Entertainment, Underground Development",0.29,57.0,5.8,1
Doubletap Games,0.29,71.0,7.5,1
Lightbox Interactive,0.29,77.0,7.8,1
Game Brains,0.29,71.0,7.5,1
Game Titan,0.29,72.0,5.7,1
Digital Fiction,0.29,66.0,8.0,2
Her Interactive,0.29,67.67,7.5,3
Ubisoft Bulgaria,0.29,61.67,7.07,2
Two Tribes,0.29,63.0,7.5,2
Million,0.29,71.5,7.95,4
Flight-Plan,0.29,71.67,7.83,3
Sacnoth,0.28,73.0,8.8,1
Just Add Monsters,0.28,68.0,8.5,1
Zindagi Games,0.28,61.0,6.5,1
Zoom,0.28,65.0,4.9,1
Sega Toys,0.28,71.0,7.5,1
"Mac Play, Macplay",0.28,71.0,7.5,2
Stealth Studios,0.28,59.0,7.5,1
Kodiak Interactive,0.28,53.5,6.25,2
Spiders,0.28,60.33,6.67,2
Gogii Games,0.28,71.0,7.5,2
"Disney Interactive Studios, Land Ho!",0.28,71.0,7.5,1
Liquid Entertainment,0.28,38.5,5.05,1
Cosmigo,0.28,79.33,7.77,3
Other Ocean Interactive,0.28,63.2,7.4,5
Kadokawa,0.28,66.2,7.38,2
Success,0.28,64.5,7.43,6
Ornith,0.27,65.0,7.5,1
"Rockstar Toronto, Rockstar Leeds",0.27,81.0,7.8,1
The Learning Company,0.27,71.0,7.5,1
Tornado Studios,0.27,71.0,7.5,2
Mad Catz,0.27,45.5,6.15,2
Zono Inc.,0.27,65.0,8.05,1
Buena Vista Games,0.27,63.5,6.9,1
Mad Doc Software,0.27,62.25,4.85,3
Swingin' Ape,0.27,82.5,9.0,1
Thq Australia,0.27,38.0,4.25,1
Zerodiv,0.27,61.67,6.8,3
Studio 33,0.27,63.0,7.55,2
Loose Cannon Studios,0.27,67.33,7.93,1
Little Orbit,0.27,67.67,7.12,3
Pacific Century Cyber Works,0.26,46.0,8.4,1
"Ldw, Big Fish Games",0.26,46.0,7.0,1
Prokion,0.26,67.0,8.4,1
2K Shanghai,0.26,55.0,7.5,1
Crispy'S,0.26,74.0,8.4,1
Sony Interactive Entertainment,0.26,62.5,6.65,2
Onenine Studios,0.26,65.5,7.5,2
Simbin,0.26,74.4,7.84,5
Microvision,0.26,63.0,6.9,3
Seven45 Studios,0.26,36.0,1.3,1
Snk,0.26,70.25,7.25,4
Rising Star Games,0.26,67.5,7.3,6
2015,0.25,73.0,8.0,1
Southend Interactive,0.25,74.0,8.3,1
Amaze,0.25,63.0,7.8,1
Y'S K,0.25,71.0,7.5,1
Bongfish,0.25,70.0,8.15,2
Bottlerocket Entertainment,0.25,63.5,7.75,2
Ubisoft Nagoya,0.25,71.0,7.5,2
"Io Interactive, Nixxes Software",0.24,79.0,7.0,1
"Tamsoft, D3Publisher",0.24,57.0,6.5,1
Metro Graphics,0.24,63.0,4.8,1
"Matrix Software, Marvelous Entertainment",0.24,71.0,7.4,1
Hasbro Interactive,0.24,71.0,8.0,1
Alpha Unit,0.24,65.33,6.83,3
Game Sauce,0.24,72.0,6.6,2
"Atari, Atari Sa",0.24,63.67,7.5,4
Curious Pictures,0.24,71.0,5.5,1
Graffiti Entertainment,0.24,71.0,7.5,3
Trickstar Games,0.24,44.67,3.57,1
Raylight Studios,0.24,63.6,7.66,5
Isopod Labs,0.24,67.67,7.7,1
Blueshift,0.23,85.0,8.8,1
Solworks,0.23,78.0,7.5,1
Magic Pixel Games,0.23,66.0,5.2,1
Sanrio Digital,0.23,71.0,7.5,1
"Hudson, Natsume Atari Inc.",0.23,41.0,7.5,1
Studio Saizensen,0.23,70.5,7.65,2
Lost Toys,0.23,72.33,7.27,2
Broadsword Interactive,0.23,54.33,5.73,3
Re-Logic,0.23,77.0,7.8,1
Gaijin Games,0.23,79.5,8.25,2
Dsi Games,0.23,71.0,7.5,3
Moss,0.23,66.0,7.33,3
Empire Oxford,0.23,62.5,7.5,3
O-Games,0.23,71.0,7.5,3
Alphadream Corporation,0.22,77.0,7.8,1
Tecmo Koei Games,0.22,54.0,6.1,1
"Aspect, Takara Tomy",0.22,49.0,7.5,1
Secret Stash Games,0.22,56.0,5.6,1
Softmax,0.22,66.0,7.0,1
Bit Town,0.22,59.0,7.5,1
Phoenix Entertainment,0.22,71.0,7.5,1
Ubisoft Sao Paulo,0.22,71.0,7.5,1
Rhino Studios,0.22,63.0,6.2,1
Mix Max,0.22,79.0,7.0,1
Guildford Studio,0.22,51.5,4.1,1
Hit Maker,0.22,53.33,5.83,3
Masa Group,0.21,47.0,7.4,1
Thatgamecompany,0.21,92.0,8.8,1
Creative Patterns,0.21,71.0,7.5,1
Osiris Studios,0.21,26.0,4.0,1
"Deep Silver, Sproing Interactive Media, Sproing",0.21,67.0,7.6,1
Sun-Tec,0.21,82.0,7.8,1
Gimagin Games,0.21,71.0,7.5,1
Epics,0.21,58.0,5.85,2
Deep Fried Entertainment,0.21,65.0,7.25,2
Frima Studio,0.21,68.0,7.65,2
Petroglyph,0.21,72.75,8.2,4
"Namco Bandai Games, Monkey Bar Games",0.21,52.67,4.9,1
"Sanzaru Games, Sanzaru Games, Inc.",0.2,73.0,7.4,1
"Scea, Think And Feel",0.2,63.0,7.3,1
Ubisoft Annecy,0.2,52.0,7.0,1
"Omega Force, Koei Canada",0.2,62.0,6.6,1
"Sega, Tom Create",0.2,59.0,8.0,1
Merscom Llc,0.2,71.0,7.5,1
Firehazard Studio,0.2,57.0,7.5,2
Tommo,0.2,71.0,7.5,2
Westwood Studios,0.2,73.0,7.7,1
Colossal Order,0.2,75.67,7.9,3
Top Heavy Studios,0.2,47.5,6.05,1
Slam Games,0.2,71.0,7.5,1
Kung Fu Factory,0.2,48.0,6.35,1
"Funatics Software, Funatics",0.2,68.5,5.85,1
Digital Embryo,0.2,63.0,6.8,2
Beeworks,0.2,63.5,7.15,2
Zed Two Limited,0.2,67.67,7.0,2
Digital Mayhem,0.2,64.0,7.7,2
Global A,0.2,65.67,7.13,3
Frame Studios Interactive,0.2,71.0,7.5,5
Gcp1,0.19,63.0,5.9,1
Pixel Tales,0.19,71.0,7.5,1
Magic Rings,0.19,79.0,7.8,1
"Artificial Mind And Movement, Ea Redwood Shores",0.19,70.0,8.1,1
Skip Ltd.,0.19,78.0,7.5,1
Sme Dynamic Systems Limited,0.19,71.0,3.0,1
Cinemaware,0.19,59.0,5.6,1
"Ubisoft, Ludia Inc.",0.19,71.0,7.5,1
Tecmo Koei Canada,0.19,44.0,7.0,1
Independent Arts,0.19,71.0,7.5,1
Backbone Emeryville,0.19,73.0,7.5,2
Asylum Entertainment,0.19,71.0,7.5,1
The Fun Pimps Entertainment Llc,0.19,40.0,5.55,1
Tripwire Interactive,0.19,76.0,7.65,2
Platinum Egg,0.19,46.5,6.85,2
Most Wanted Entertainment,0.19,72.67,7.5,3
Workjam,0.19,60.0,7.67,3
Micro Cabin,0.19,64.67,8.3,3
Various,0.19,71.0,8.2,5
King Art,0.19,71.75,7.85,3
The Behemoth,0.19,78.0,8.4,1
"Neverland, Idea Factory",0.19,56.5,7.38,4
Paradox Development Studio,0.19,75.8,7.5,5
Gsc Game World,0.19,77.75,8.35,4
Escape,0.18,55.0,7.5,1
Kronos Digital Entertainment,0.18,84.0,8.9,1
Performance Designed Products,0.18,59.0,7.5,1
"Gust, Idea Factory",0.18,62.0,7.2,1
"Eighting, Takara Tomy",0.18,38.0,3.0,1
Bitmap Brothers,0.18,60.0,7.5,1
"Replay Studios, Ml Enterprises",0.18,56.0,7.1,1
Game Life,0.18,59.0,7.5,2
Supersonic Software,0.18,54.2,6.96,4
Scientifically Proven,0.18,71.0,6.05,1
Icon Games,0.18,66.33,6.77,3
"Torus Games, Little Orbit",0.18,71.0,6.83,2
"Namco Bandai Games, Cellius",0.17,44.0,3.7,1
Konami Computer Entertainment Nagoya,0.17,70.0,7.5,1
Joindots,0.17,71.0,7.5,1
Human Entertainment,0.17,49.0,5.7,1
Stalker Entertainment,0.17,57.0,6.0,1
Eiconic Games,0.17,71.0,7.5,1
Dmi Games,0.17,71.0,3.8,1
"Blitz Games, Human Soft",0.17,44.0,7.5,1
Topware Interactive,0.17,62.5,7.55,1
Axis Entertainment,0.17,71.0,5.65,2
Acclaim Studios Manchester,0.17,65.0,6.45,1
Silicon Dreams,0.17,62.0,7.5,2
Climax Studios,0.17,70.67,6.97,1
"Buddiez, Inc.",0.16,74.0,7.5,1
Lucas Learning,0.16,71.0,4.9,1
"Amaze Entertainment, Walt Disney Japan",0.16,71.0,7.3,1
"Sega, French-Bread",0.16,66.0,8.2,1
"Asmik Ace Entertainment, Inc",0.16,73.0,7.5,1
"Gearbox Software, Wayforward",0.16,76.0,8.2,1
Ludia,0.16,71.0,7.5,1
"Omiya Soft, Jamsworks",0.16,75.0,8.7,1
10Tacle Studios,0.16,37.0,7.5,1
"Atari, Transmission Games, Atari Sa",0.16,62.0,7.0,1
"Sony Online Entertainment, Mind Control Software",0.16,77.0,7.8,1
Carbine Studios,0.16,82.0,7.4,1
Tenky,0.16,64.0,7.8,1
Stormregion,0.16,71.67,7.57,3
"Prope, Kadokawa",0.16,45.0,6.05,1
Halfbrick Studios,0.16,65.5,7.85,2
Immersion Software & Graphics,0.16,51.5,6.7,1
Gameinvest,0.16,49.0,7.5,1
Blue Omega,0.16,36.0,4.2,1
S-Neo,0.16,70.0,7.95,2
Velez & Dubail,0.16,69.33,6.8,3
Sonic Powered,0.16,65.33,7.67,3
Conspiracy Entertainment,0.16,62.5,7.5,3
"Compile Heart, Gcrest",0.15,55.0,7.3,1
"Game Arts, Seta Corporation",0.15,64.0,8.6,1
Aqua Plus,0.15,65.0,8.7,1
Zombie,0.15,61.0,6.1,1
Le Cortex,0.15,71.0,7.5,1
Hypnos,0.15,50.0,6.3,1
"Genki, Kojima Productions",0.15,71.0,8.0,1
Warner Bros. Interactive Entertainment,0.15,73.0,8.1,1
"Thq, Altron",0.15,71.0,7.5,1
Netherock Ltd.,0.15,80.0,7.2,1
Felistella,0.15,74.0,8.3,1
"Armature Studio, Comcept",0.15,63.0,6.6,1
Em Studios,0.15,71.0,7.5,1
Koei/Inis,0.15,76.5,8.85,2
Doki Denki,0.15,70.5,7.75,1
Black Ship Games,0.15,66.33,8.07,1
"Red Tribe, Brash Entertainment",0.15,65.0,7.5,1
Sick Puppies,0.14,71.0,7.5,1
Nicalis,0.14,82.0,7.7,1
"Sandlot Games, Digital Embryo",0.14,71.0,7.5,1
Ntreev Soft,0.14,77.0,7.0,1
Dorasu,0.14,71.0,7.5,1
Astroll,0.14,38.0,7.5,1
Next Entertainment,0.14,58.0,8.5,1
Transmission Games,0.14,62.0,8.1,1
"K2, Kurogane",0.14,35.0,6.7,1
Culture Brain,0.14,69.0,7.5,1
"Beenox, Other Ocean Interactive",0.14,50.0,7.5,1
Infogrames,0.14,71.5,8.15,2
Black Hole Games,0.14,64.0,7.05,2
Amanita Design,0.14,83.5,8.55,2
"Aqua Pacific, In2Games",0.14,73.5,6.9,1
Ivolgamus,0.14,66.5,7.5,2
Starsphere Interactive,0.14,41.5,6.15,1
"Spark Unlimited, Comcept",0.14,46.5,4.9,1
"Spike Chunsoft, Chime",0.14,82.0,8.4,1
Fatshark Ab,0.14,36.0,3.65,1
Nikitova Games,0.14,46.33,6.57,2
Southpeak Games,0.14,58.0,5.23,2
Jv Games Inc.,0.13,66.0,8.1,1
"Ubisoft, Moss",0.13,71.0,7.5,1
"Pam Development, 2K Sports",0.13,65.0,7.5,1
"Microids, Dreamcatcher",0.13,52.0,7.5,1
Virtual Air Guitar Company,0.13,56.0,7.8,1
"Big Blue Bubble Inc., Scholastic, Inc.",0.13,71.0,7.5,1
"Venan Entertainment, Cashmere Prod.",0.13,80.0,8.3,1
Sunflowers Interactive,0.13,78.0,7.5,1
"Rocksteady Studios, Iron Galaxy Studios",0.13,70.0,2.5,1
Ir Gurus Interactive Ltd.,0.13,76.0,8.2,1
"Phosphor Games Studio, Llc",0.13,24.0,3.5,1
Attention Software,0.13,58.0,7.5,1
Premium Agency,0.13,57.0,5.0,1
Syscom,0.13,63.0,6.2,1
Glyphx Games,0.13,68.0,7.5,1
Acot,0.13,64.0,7.5,1
Hot Lava Games,0.13,60.0,8.3,1
Nfusion,0.13,37.0,3.0,1
Ev Interactive,0.13,71.0,7.5,1
Kokolo Corporation,0.13,51.0,7.5,1
Curly Monsters,0.13,70.0,8.1,1
Freedom Factory Studios,0.13,71.0,6.2,1
Gravity-I,0.13,58.5,7.5,2
Deadline Games,0.13,72.0,8.8,2
2K Play,0.13,71.0,7.5,1
Noise Factory,0.13,75.0,7.9,2
Uga,0.13,78.5,8.45,2
G-Artists,0.13,63.5,7.4,2
Monte Cristo Multimedia,0.13,68.67,6.5,3
Playrix Entertainment,0.13,71.0,7.47,3
Psikyo,0.12,63.0,8.2,1
Tiertex Design Studios,0.12,53.0,7.5,1
Warashi,0.12,68.0,7.5,1
Beep Industries,0.12,73.0,8.4,1
I-Imagine,0.12,60.0,7.4,1
"Mindscape Inc., Mindscape",0.12,59.0,7.5,1
"Game Arts, Japan Art Media (Jam)",0.12,59.0,6.2,1
Midway Studios - Newcastle,0.12,55.0,7.5,1
Bip Games,0.12,71.0,7.5,1
Zeroscale,0.12,59.0,7.5,1
369 Interactive,0.12,45.0,7.3,1
Puzzle.Tv,0.12,71.0,7.5,1
Visual Sciences,0.12,81.0,6.4,1
Happy Happening,0.12,55.0,7.25,2
Pronto Games,0.12,55.0,7.5,3
Clockwork Games,0.12,69.5,7.5,2
Milestone,0.12,66.5,8.3,2
Trine Games,0.12,71.0,7.5,2
Interplay,0.12,65.0,4.8,1
Pendulo Studios,0.12,73.33,7.87,2
"Orbital Media, Inc.",0.12,76.5,8.75,2
Animation Arts,0.11,77.0,7.9,1
"Nippon Ichi Software, Hit Maker",0.11,50.0,6.2,1
Tactical Development,0.11,44.0,7.5,1
"Artificial Studios, Immersion Software & Graphics",0.11,55.0,5.2,1
Microsoft Game Studios Japan,0.11,81.0,8.5,1
Agatsuma Entertainment,0.11,71.0,7.5,1
"Ea Tiburon, N-Space",0.11,58.0,7.5,1
Void Productions,0.11,71.0,7.5,1
Santa Entertainment,0.11,62.0,7.4,1
Big Head Games Ltd.,0.11,71.0,7.5,1
Big Blue Entertainment,0.11,35.0,7.5,1
"Amaze Entertainment, Vivendi Games",0.11,59.0,7.5,1
Bionic Games,0.11,66.0,6.3,1
Mere Mortals,0.11,71.0,7.5,1
Pentavision Entertainment,0.11,77.0,6.5,1
Xpec Entertainment Inc.,0.11,50.0,7.5,1
Behavior Studios,0.11,55.0,7.5,1
Vanguard,0.11,79.0,8.5,1
Hoplite Research,0.11,56.0,4.15,1
Atomic Motion,0.11,38.5,3.3,1
B-Alive,0.11,71.0,7.5,2
Kando Games,0.11,53.5,7.5,2
Egosoft,0.11,53.0,5.6,2
"10Tacle Studios, Fusionsphere Systems",0.11,68.0,7.6,1
Knowwonder,0.11,69.67,7.8,3
"Deep Silver, Keen Games",0.1,56.0,3.4,1
"Seamless Entertainment, Inc.",0.1,71.0,7.5,1
"Joindots, Mastertronic",0.1,71.0,7.5,1
Arts Software,0.1,71.0,7.5,1
"Monolith Soft, Namco Bandai Games",0.1,75.0,8.9,1
"Red Entertainment, Compile Heart",0.1,71.0,6.8,1
"Thq, Awe Games",0.1,71.0,7.5,1
B.B.Studio,0.1,71.0,7.5,1
8Monkey Labs,0.1,44.0,4.8,1
Natsume Atari Inc.,0.1,71.0,8.25,2
Milestone Inc.,0.1,53.0,6.45,2
Direct Action Games,0.1,57.5,4.85,2
5000Ft,0.1,62.0,6.4,1
"Metanet Software Inc., Silverbirch Studios",0.1,80.5,7.6,1
Whitebear,0.1,62.5,7.5,1
"Eutechnyx, Deep Silver",0.1,16.0,1.15,1
Skyriver Studios,0.1,47.67,5.57,3
Wicked Witch Software,0.1,69.25,7.1,1
"Crave, Dtp Entertainment",0.09,71.0,7.5,1
Odenis Studio,0.09,73.0,7.3,1
Realmforge Studios,0.09,65.0,4.6,1
Sarbakan Inc.,0.09,57.0,7.5,1
"Entersphere, Inc.",0.09,57.0,6.6,1
Infinite Machine,0.09,56.0,7.5,1
Aqua Pacific,0.09,71.0,6.0,1
Prosoft,0.09,85.0,8.8,1
"Activision, Activision Blizzard",0.09,71.0,7.5,1
"Sce/Wws, Sce Japan Studio",0.09,79.0,7.7,1
"Mastertronic, V5 Play Studio",0.09,70.0,7.5,1
"Ambrella, The Pokemon Company",0.09,58.0,6.4,1
Metro3D,0.09,53.0,5.6,1
Zushi Games Ltd,0.09,71.0,7.5,1
Housemarque,0.09,74.0,9.2,1
"Ea Canada, Exient Entertainment",0.09,56.0,7.5,1
"Activision, Traveller'S Tales",0.09,63.0,7.2,1
"Jack Of All Games, Ev Interactive",0.09,71.0,7.5,1
G1M2,0.09,56.0,8.2,1
"Timegate Studios, Day 1 Studios",0.09,66.0,7.1,1
Irock Interactive,0.09,56.0,7.5,1
Tabot,0.09,45.0,7.5,1
Indi,0.09,63.0,7.1,1
"Milestone, Milestone S.R.L",0.09,73.5,7.1,1
Purple Hills,0.09,71.0,7.5,1
Battleborne,0.09,55.0,7.5,1
Quicksilver Software,0.09,63.5,7.45,1
Ci Games,0.09,39.0,5.9,1
1C: Maddox Games,0.09,73.0,7.95,2
Iridon Interactive Ab,0.09,69.0,8.0,2
Dusenberry Martin Racing,0.09,68.5,2.7,1
Ascaron Entertainment Gmbh,0.09,72.33,7.7,3
Eci,0.08,38.0,3.2,1
Silverbirch Studios,0.08,71.0,7.5,1
Valcon Games,0.08,71.0,7.5,1
Gulti,0.08,73.0,7.5,1
Tectonic Studios,0.08,71.0,6.3,1
"Ea Canada, Sensory Sweep",0.08,34.0,6.5,1
Wide Games,0.08,64.0,7.5,1
Amedio,0.08,71.0,8.9,1
Digital Leisure Inc.,0.08,31.0,5.0,1
Mobile 21,0.08,78.0,7.5,1
Maximum Family Games,0.08,71.0,7.5,1
Foundation 9 Entertainment,0.08,47.0,7.5,1
Telenet,0.08,72.0,9.3,1
Osaka Studio,0.08,71.0,7.5,1
Kheops Studio,0.08,56.0,7.8,1
Toka,0.08,39.0,5.8,1
Mid Carolina Media,0.08,28.0,7.5,1
"Thq, Independent Arts",0.08,71.0,7.5,1
Mekensleep,0.08,78.0,8.0,1
Wicked Studios,0.08,69.0,7.5,1
Revistronic,0.08,71.0,7.5,1
Metropolis Software,0.08,35.0,5.3,1
Anchor Bay Entertainment,0.08,71.0,7.5,1
Pinegrow,0.08,75.0,8.0,1
Ubisoft Barcelona,0.08,54.0,5.7,1
Neopica,0.08,71.0,7.5,2
Global Star Software,0.08,71.0,7.5,2
Klein Computer Entertainment,0.08,60.5,7.5,2
Kunos Simulazioni,0.08,68.0,6.45,1
Extra Mile Studios,0.08,55.5,7.5,1
Arkedo Studio,0.08,74.0,7.85,2
Andamiro U.S.A. Corp.,0.08,73.5,7.95,1
Zig Zag,0.08,71.0,7.5,2
"Taito Corporation, 505 Games",0.08,41.0,4.65,2
Foreign Media,0.08,71.0,7.5,2
Poptop Software,0.08,73.0,7.3,2
Easy Interactive,0.08,71.0,7.5,3
Nitro Games,0.08,68.67,6.13,3
Roxor Games,0.07,72.0,9.0,1
Runic Games,0.07,83.0,8.0,1
Spidermonk,0.07,68.0,7.5,1
Koei Canada,0.07,66.0,7.5,1
Awesome Play Ltd.,0.07,37.0,3.8,1
"Art Co., Ltd.",0.07,54.0,6.3,1
Studioblack Games,0.07,71.0,7.5,1
Exozet,0.07,71.0,7.5,1
Yoostar Entertainment Group,0.07,49.0,7.5,1
Vogster,0.07,78.0,8.6,1
Skonec,0.07,44.0,7.5,1
Zeptolab,0.07,71.0,7.5,1
Idol Fx,0.07,22.0,1.8,1
Goshow,0.07,56.0,8.3,1
Leviathan Games,0.07,33.0,2.7,1
Box Clever Interactive,0.07,35.0,5.6,1
Attractive Games,0.07,71.0,7.5,1
Sabertooth Games,0.07,55.0,7.4,1
"Ubisoft, Funhouse",0.07,72.0,7.8,1
Enterbrain,0.07,58.0,7.8,1
Universomo,0.07,70.0,7.5,1
Interactive Brains,0.07,57.0,8.8,1
Doublesix,0.07,49.0,4.4,1
Synetic,0.07,56.0,8.1,1
Jupiter Multimedia,0.07,71.0,7.5,1
Epicenter Interactive,0.07,71.0,7.5,1
Plato,0.07,66.0,7.5,1
Blast! Entertainment Ltd,0.07,71.0,7.5,2
Puzzlekings,0.07,69.0,6.8,1
"Targem Games, Topware Interactive",0.07,71.0,7.5,1
Best Way,0.07,74.0,6.5,2
Naps Team,0.07,60.0,7.65,2
Ironclad Games,0.07,79.0,8.05,2
Lsp,0.07,60.67,7.5,3
"Vicious Cycle, Little Orbit",0.07,71.0,7.27,1
Paradox Interactive,0.07,70.67,7.77,3
Silver Wish Games,0.06,62.0,5.0,1
Runtime,0.06,69.0,7.9,1
Gammick Entertainment,0.06,61.0,7.5,1
Dip Interactive,0.06,41.0,2.4,1
"Ironnos Co.,Ltd.",0.06,78.0,7.5,1
Dreamrift,0.06,79.0,8.0,1
Snapdragon,0.06,71.0,7.5,1
Brainbox Games,0.06,32.0,5.8,1
Mba International,0.06,57.0,7.5,1
"505 Games, Sarbakan Inc.",0.06,71.0,0.9,1
Nitro+,0.06,83.0,8.7,1
"Humongous Entertainment, Mistic Software",0.06,71.0,7.5,1
Mystic Software,0.06,71.0,7.5,1
Ea Japan Studio,0.06,72.0,7.6,1
Headfirst Productions,0.06,77.0,8.1,1
Mikoishi,0.06,66.0,7.5,1
Farmind Ltd,0.06,71.0,7.5,1
Midas Interactive Entertainment,0.06,71.0,7.5,1
Valhalla Game Studios,0.06,43.0,6.5,1
"Treyarch, Infinity Ward",0.06,71.0,7.5,1
"Left Field Productions, Zoo Games",0.06,53.0,7.5,1
Anino Entertainment,0.06,71.0,7.5,1
Singletrac,0.06,27.0,7.5,1
"Rebellion, Neversoft Entertainment",0.06,73.0,7.6,1
"Dimps Corporation, Dream Execution",0.06,71.0,7.5,1
Design Factory,0.06,71.0,6.5,1
Zoonami Ltd.,0.06,68.0,7.5,1
Aquria,0.06,71.0,7.5,1
Cave Barn,0.06,53.0,7.5,1
Radius9,0.06,37.0,7.5,1
Iron Lore Entertainment,0.06,77.0,8.1,1
Ninja Studio,0.06,65.0,7.9,1
Fluid Studios,0.06,60.5,4.95,2
Big John Games,0.06,60.0,7.5,2
Vstep,0.06,55.5,6.4,2
Opera House,0.06,71.0,7.5,2
"Capcom, Qloc",0.06,74.0,6.15,2
Tilted Mill,0.06,68.5,5.95,2
Circle,0.06,45.0,4.25,1
People Can Fly,0.06,74.5,7.75,2
"Viva Media, Viva Media, Llc",0.06,65.0,6.65,2
Big Fish Games,0.06,71.0,7.5,2
Twelve Games,0.06,36.0,7.5,1
"Activision, Behaviour Interactive",0.06,65.0,7.7,1
Slitherine,0.05,42.0,7.5,1
Codo Games,0.05,78.0,9.1,1
Red Wagon Games,0.05,71.0,7.5,1
Cowboy Rodeo,0.05,36.0,7.5,1
Cranberry Production,0.05,76.0,6.7,1
Ldw,0.05,71.0,7.5,1
Imagineer,0.05,51.0,8.0,1
Fresh 3D,0.05,71.0,7.5,1
Studio Archcraft,0.05,58.0,7.5,1
"Thq, 1C, 1C Company",0.05,77.0,8.2,1
Just For Fun,0.05,71.0,7.5,1
"Eidos Interactive, Tantalus Interactive",0.05,71.0,7.5,1
Neon Studios,0.05,72.0,7.3,1
Navarre Corp,0.05,71.0,7.5,1
"Buka Entertainment, Targem Games",0.05,33.0,6.6,1
Ubisoft Porto Alegre,0.05,71.0,7.5,1
Smartdog,0.05,69.0,7.5,1
"Next Level Games, Nintendo",0.05,64.0,5.1,1
One Man Band,0.05,52.0,7.5,1
Carapace,0.05,48.0,7.5,1
Liquid Dragon Studios,0.05,56.0,5.9,1
Tigon,0.05,71.0,5.5,1
Stainless Steel Studios,0.05,81.0,8.2,1
Braingame,0.05,71.0,7.5,1
Max Five,0.05,62.0,8.7,1
Flying Tiger Development,0.05,71.0,6.7,1
Konami Software Shanghai,0.05,64.0,7.3,1
Bright Future Gmbh,0.05,72.0,3.9,1
Hyper-Devbox,0.05,71.0,7.5,1
Avit-Niigata,0.05,71.0,7.5,1
Kunst-Stoff,0.05,71.0,7.5,1
Xs Games,0.05,71.0,7.5,2
"Frozenbyte, Inc.",0.05,82.0,8.3,2
Impressions Games,0.05,71.0,8.65,2
"1C, Ino-Co, 1C Company",0.05,71.5,7.4,1
Otomate,0.05,71.0,7.5,2
Black Sea Studios,0.05,70.0,8.6,2
Glyphic Entertainment,0.05,71.0,7.5,2
Killaware,0.04,48.0,6.2,1
F84 Games,0.04,71.0,7.5,1
Interactive Vision Games,0.04,48.0,7.5,1
Systemsoft,0.04,74.0,8.8,1
G.Rev,0.04,60.0,6.1,1
Fusionsphere Systems,0.04,66.0,7.4,1
"Examu, Marvelous Inc.",0.04,70.0,6.9,1
Gaslamp Games,0.04,58.0,3.8,1
Ubisoft Osaka,0.04,46.0,5.8,1
Paprikari,0.04,56.0,7.5,1
Snap Dragon Games,0.04,70.0,8.6,1
7Raven Studios,0.04,71.0,7.5,1
"Alawar Entertainment, Inc, Alawar Entertainment",0.04,71.0,7.5,1
Sabarasa Entertainment,0.04,71.0,7.5,1
"Atari, Slightly Mad Studios, Atari Sa",0.04,62.0,4.9,1
Nival Interactive,0.04,77.0,7.9,1
M4 Limited,0.04,42.0,7.5,1
Hoget,0.04,71.0,7.5,1
Delta Factory,0.04,71.0,7.5,1
"Alchemist, Inti Creates",0.04,71.0,8.1,1
Avalon Style,0.04,60.0,6.4,1
Blue 52,0.04,51.0,7.4,1
Dovetail Games,0.04,71.0,4.0,1
Nightlight Studios,0.04,39.0,7.4,1
Enjoyup Games,0.04,68.0,7.3,1
"Reloaded Productions, Reloaded Games Inc.",0.04,56.0,5.7,1
Noway Studio,0.04,44.0,6.9,1
Pqube,0.04,71.0,7.5,1
System Prisma,0.04,68.0,6.3,1
"Volition Inc., Cd Projekt Red Studio, Cd Projekt, Cd Projekt Localisation Centre",0.04,72.0,6.8,1
Inlight Entertainment,0.04,67.0,8.2,1
Urban Games,0.04,70.0,7.0,1
2D Boy,0.04,90.0,8.5,1
"Fusionsphere Systems, Animation Arts",0.04,64.0,7.1,1
Gaia (Sony),0.04,66.0,6.8,1
"Introversion, Double Eleven",0.04,77.0,7.35,1
Mentor Interactive,0.04,71.0,7.5,2
"Neon Studios, Kaiko",0.04,64.5,6.75,1
Autumn Moon,0.04,70.5,8.0,2
Playstos Entertainment,0.04,57.0,7.25,2
1C:Ino-Co,0.04,71.0,7.3,2
Vanpool,0.04,71.0,7.5,2
Tate Interactive,0.04,57.5,8.1,1
Dreamcatcher Interactive,0.03,71.0,7.9,1
Enlight Software,0.03,58.0,2.5,1
Ravenscourt,0.03,71.0,7.5,1
Ice-Pick Lodge,0.03,77.0,8.3,1
Battlegoat Studios,0.03,63.0,6.8,1
"Cyberplanet Interactive Public Co., Ltd., Maximum Family Games",0.03,71.0,7.5,1
Voxler,0.03,71.0,7.5,1
Super Empire,0.03,45.0,5.7,1
"Volition Inc., Reactor Zero",0.03,82.0,7.5,1
"Eidos Montreal, Nixxes Software",0.03,83.0,6.1,1
Sonnori,0.03,48.0,4.9,1
Magnin & Associates,0.03,71.0,7.5,1
"Edmund Mcmillen, Florian Himsl",0.03,84.0,8.3,1
Tiwak,0.03,62.0,6.2,1
Zuxxez,0.03,71.0,7.5,1
Opus Studio,0.03,60.0,7.2,1
"Gameinvest, Seed Studios, Lda",0.03,31.0,5.4,1
Big Time Software,0.03,62.0,3.3,1
Magicpot,0.03,76.0,7.5,1
Confounding Factor,0.03,67.0,7.0,1
Will,0.03,71.0,7.5,1
Eagle Dynamics,0.03,76.0,7.5,1
Headup Games,0.03,72.0,8.1,1
"Engine Software, Re-Logic",0.03,71.0,6.9,1
"Pm Studios Inc., Pentavision Entertainment",0.03,71.0,4.6,1
Zslide,0.03,55.0,6.5,1
Tragnarion Studios,0.03,68.0,7.5,1
"Big Blue Bubble Inc., Breakthrough New Media",0.03,62.0,7.5,1
Prograph,0.03,35.0,8.0,1
Celeris,0.03,62.0,7.5,1
Nec Interchannel,0.03,78.0,8.9,1
Panther Software,0.03,44.0,7.2,1
"Number None Inc., Knockout Games",0.03,90.0,8.6,1
Team6 Game Studios,0.03,71.0,7.5,1
Targem Games,0.03,69.0,5.9,1
Still Alive Studios,0.03,46.0,6.1,1
"Machineworks Northwest, Wxp",0.03,71.0,7.5,1
Headlock,0.03,55.0,7.5,1
Arrowhead Game Studios,0.03,74.0,7.6,1
Mastertronic,0.03,71.0,7.5,1
Sandlot Games,0.03,71.0,7.5,1
Ec Interactive Games,0.03,71.0,7.5,1
"Frontier Developments, Various",0.03,71.0,3.2,1
Crea-Tech,0.03,62.0,7.3,1
Cyber Planet,0.03,71.0,7.5,1
Zigzagisland,0.03,71.0,7.5,1
"1C, 1C Company",0.03,88.5,8.7,2
Planet Interactive,0.03,59.5,7.5,2
Oberon Media,0.03,71.0,7.5,2
Babylon Software,0.03,54.0,7.5,2
Gameness Art Software,0.02,26.0,3.7,1
Dracue,0.02,67.0,7.5,1
Mindware Studios,0.02,60.0,8.0,1
Ea Mythic,0.02,86.0,7.9,1
"Atomic Planet Entertainment, Mud Duck Productions",0.02,30.0,4.2,1
Minds-Eye Productions,0.02,71.0,7.5,1
Sek Ost,0.02,71.0,8.3,1
The Tangentlemen,0.02,62.0,6.5,1
Multimedia Intelligence Transfer,0.02,62.0,8.3,1
Rainbow S.P.A.,0.02,71.0,7.5,1
Cryptic Studios,0.02,66.0,6.2,1
"Edge Entertainment, Anima Project",0.02,52.0,7.9,1
Fakt Software,0.02,71.0,7.5,1
Boxed Dream,0.02,73.0,8.2,1
Lead Pursuit,0.02,90.0,8.6,1
"Punchline, Shirogumi",0.02,59.0,8.6,1
"The Digital Lounge, Dino Dini",0.02,31.0,4.5,1
Beluga Computer,0.02,46.0,7.7,1
Kat Games,0.02,71.0,7.5,1
Strawdog Studios,0.02,71.0,7.5,1
Interserv International,0.02,58.0,6.5,1
Trendy Entertainment,0.02,81.0,7.3,1
"United Coders, Wizardry Engineering",0.02,63.0,7.5,1
Melesta,0.02,71.0,7.5,1
Alternative Software,0.02,71.0,7.5,1
"Mediascape, Cubetype",0.02,55.0,4.7,1
Jowood Entertainment Ag,0.02,59.0,7.7,1
Master Creating,0.02,57.0,5.8,1
Small Rockets,0.02,67.0,7.5,1
Mana Comp. Soft.,0.02,64.0,7.5,1
Phenomedia,0.02,39.0,7.5,1
Touchdown Entertainment,0.02,33.0,2.8,1
Turbine Inc.,0.02,85.0,8.2,1
Enigma Software Productions,0.02,71.0,6.4,1
Nvizzio Creations,0.02,43.0,2.4,1
"Unigine Corp, Russia",0.02,67.0,6.5,1
Flagship Studios,0.02,70.0,6.3,1
Apollosoft,0.02,69.0,7.9,1
Ancient,0.02,77.0,7.5,1
Zoo Digital Publishing,0.02,71.0,7.5,1
"Ufo Interactive, Cyberplanet Interactive Public Co., Ltd.",0.02,71.0,7.5,1
Infogrames Sheffield,0.02,62.0,8.8,1
"Headup Games, Crenetic Studios",0.02,50.0,4.7,1
Tose Software,0.02,78.0,8.4,1
Pterodon,0.02,74.0,8.7,1
Strangelite,0.02,46.0,6.1,1
Deep Red,0.02,67.0,8.3,1
Paws,0.02,39.0,7.5,1
White Birds Productions,0.02,54.0,7.5,1
Agetec,0.02,65.0,7.5,1
Farsight Technologies,0.02,57.0,7.5,1
Tranji,0.02,46.0,4.0,1
"Vicious Cycle, Infinite Interactive",0.02,84.0,8.0,1
"Telegames, Inc.",0.02,71.0,7.5,1
"Sanuk Software Co., Ltd., Sanuk Games",0.02,71.0,7.5,1
Gameco,0.02,67.0,5.7,1
Virtual Play Inc.,0.02,71.0,7.5,1
"Yuke'S, Yuke'S Company Of America",0.02,70.0,7.5,1
Funbox Media,0.02,71.0,7.5,1
Metia Interactive,0.02,60.0,7.5,1
Flying Lab Software,0.02,76.0,7.6,1
Squashy Software,0.02,59.0,7.5,1
Hokus Pokus,0.02,59.0,7.5,1
Oefun,0.02,60.0,7.5,1
Chayowo Games,0.02,71.0,7.5,1
Boomzap,0.02,60.0,7.5,1
Logris Games,0.02,71.0,7.5,1
Ino-Co,0.02,71.0,8.3,1
Red 5 Software,0.02,68.0,7.5,1
"Cyberplanet Interactive Public Co., Ltd.",0.02,71.0,7.5,1
Elixir Studios,0.02,75.0,8.3,1
The Odd Gentlemen,0.02,71.0,7.5,1
King Of The Jungle,0.02,47.0,7.4,1
Compulsion Games,0.01,62.0,7.7,1
"Camouflaj, Llc",0.01,72.0,5.8,1
777 Studios,0.01,71.0,7.9,1
Subterranean Games,0.01,65.0,7.7,1
"Interworks Unlimited, Inc.",0.01,71.0,7.5,1
Black Bean Games,0.01,65.0,7.5,1
"Dma Design, Rockstar North",0.01,93.0,8.4,1
"Spidersoft, Spiders",0.01,56.0,6.8,1
"1C, Various, 1C Company",0.01,71.0,7.5,1
"Tecmo, Graphic Research",0.01,79.0,9.4,1
Tml-Studios,0.01,71.0,7.5,1
"Battlefront.Com, 1C, 1C Company",0.01,66.0,6.2,1
Blue Tea Games,0.01,71.0,7.5,1
Ea Phenomic,0.01,75.0,7.0,1
Empty Clip Studios,0.01,75.0,8.5,1
Next Wave Team,0.01,37.0,7.5,1
Triple Eh? Ltd,0.01,71.0,7.5,1
Tdk Mediactive,0.01,27.0,3.1,1
Headgate,0.01,91.0,4.5,1
Dtp Young Entertainment Ag,0.01,71.0,7.5,1
Coffee Stain Studios,0.01,53.0,6.3,1
Societe Pollene,0.01,54.0,7.5,1
Boston Animation,0.01,61.0,6.4,1
React Games,0.01,42.0,2.3,1
"Bigben Interactive, Red Wagon Games",0.01,71.0,7.5,1
Papyrus,0.01,71.0,7.5,1
Inferno Games,0.01,78.0,9.5,1
Katauri Interactive,0.01,82.0,8.6,1
"High Moon Studios, Mercenary Technologies",0.01,78.0,7.9,1
"Infinite Dreams, Paragon 5",0.01,81.0,9.5,1
Big Red Software,0.01,51.0,3.8,1
Atomic Games,0.01,61.0,5.8,1
Interchannel-Holon,0.01,48.0,7.5,1
